Hidden readings,Gaps evaluated,Method,MAE (ppm),RMSE (ppm),Median boundary interval (min)
6,246,previous,13.052845528455284,18.162843634433703,79.98333333333333
6,246,linear,9.812066600896262,12.815869081848575,79.98333333333333
6,246,cubic_spline,18.491548651452096,23.611349944319628,79.98333333333333
6,246,regression,35.19413364876802,45.92881582825053,79.98333333333333
18,132,previous,17.042087542087543,23.48812293887954,209.96666666666667
18,132,linear,11.61701411605712,15.22449045583761,209.96666666666667
18,132,cubic_spline,39.31018559745765,52.09908133088857,209.96666666666667
18,132,regression,35.47060171759834,46.15977222132485,209.96666666666667
36,78,previous,30.745726495726494,41.679186153337476,400.0
36,78,linear,16.604451581478905,21.881382741511672,400.0
36,78,cubic_spline,75.37620038781861,102.61703544981228,400.0
36,78,regression,35.615699000709625,46.339215130213084,400.0
